{"cameraMode":{"drawMode":0,"name":"Shaded","section":"Shading Mode"},"sceneLighting":true,"audioPlay":false,"sceneViewState":{"m_AlwaysRefresh":false,"showFog":true,"showSkybox":true,"showFlares":true,"showImageEffects":true,"showParticleSystems":true,"showVisualEffectGraphs":true,"m_FxEnabled":true},"in2DMode":false,"pivot":{"x":4.3847336769104,"y":14.829241752624512,"z":-15.944572448730469},"rotation":{"x":0.08446269482374191,"y":0.03287135809659958,"z":-0.0027878074906766416,"w":0.9958829283714294},"size":0.8660253882408142,"orthographic":false}